AccountID,Quarter,Valuation,FeeAmount,FeeToValuationRatio,anomaly,is_anomaly
A024,Q2-2024,1773598,113964.91,0.06425633655428119,-1,True
A010,Q4-2024,3750388,155792.74,0.041540432616571935,-1,True
A015,Q4-2024,2551898,123846.66,0.04853119521234783,-1,True
A023,Q1-2024,1202428,93994.46,0.07817055158396179,-1,True
A011,Q1-2024,1929460,132409.32,0.06862506608066506,-1,True
